schema_version,assessment_id,run_id,skill_id,verdict,risk_score,max_severity,confidentiality_findings,integrity_findings,behavioral_findings,unknown_platform_interaction,unknown_platform_count,coverage_state,policy_version,analyzer_version,assessed_at
1,assessment:v1:00fffd6118e206c8ffdee0d8cbd75822e7c7590f815dd6bfe6da85e4181a1442,run_f15c19c4d62443c765545984,sha256:v1:ddfdc36b29b870328ffdcd8c43bead736ffe4358fcf55178a4481263b5d0c4de,malicious,100.0,critical,1,0,0,false,0,partial,skilldetonate-v3-rules,0.1.0+deterministic-rules-v1.platform-discovery-v2,2026-07-14T17:26:13.884422764+00:00
1,assessment:v1:0373e7022d00dfd2e56bca01e8c61b68868c48bec511619db2a5f23a795be79e,run_ccb7a3fb3833afbc09badff4,sha256:v1:0176833e114050ea78f6d31731fff6521a61688c1a9d614683413231e75333a9,benign,0.0,none,0,0,0,false,0,complete,skilldetonate-v3-rules,0.1.0+deterministic-rules-v1.platform-discovery-v2,2026-07-31T15:26:42.170204385+00:00
1,assessment:v1:04135ae94ef3d0fd39d1f5f18e7ba69cf6efbf566e4c454edc7734f89df45f91,run_57debb1b2b701fc4d3dc9b19,sha256:v1:ddfdc36b29b870328ffdcd8c43bead736ffe4358fcf55178a4481263b5d0c4de,malicious,100.0,critical,0,0,1,false,0,complete,skilldetonate-v3-rules,0.1.0+deterministic-rules-v1.platform-discovery-v2,2026-07-14T20:38:23.452518052+00:00
1,assessment:v1:047774d39f5349fdf221d0a09a85f10e8a6c083e087ee95c036435ad3823d9d4,run_028d694ee2657fe22d62817a,sha256:v1:00403f895f189fb5bb74336376f2b65cf07e5f212ea8c7e1b972243b1342b6dc,malicious,100.0,critical,0,0,1,false,0,partial,skilldetonate-v3-rules,0.1.0+deterministic-rules-v1.platform-discovery-v2,2026-07-28T19:34:41.507824323+00:00
1,assessment:v1:07d3345942ebc25829c007585bafcb9be2a4d9c0cdeafae6aa0c7daa1a71767c,run_010950d84b24536b96dd4893,sha256:v1:010a24a499d5b147a9dc74b24eef7247c13c41bb6c57ce853381c82105453378,malicious,100.0,critical,0,1,25,false,0,partial,skilldetonate-v3-rules,0.1.0+deterministic-rules-v1.platform-discovery-v2,2026-07-31T15:26:16.652825019+00:00
1,assessment:v1:09a0c0fb6056807f7c06a758887635aa9a697ce327ed9fe9277d8e9bcff86826,run_56b3ee099af0ba27d2681f57,sha256:v1:01e55fdbe4f20f4f42deae61c0185cc211d6569bdaaa6f89923735f18afbe49e,malicious,100.0,critical,0,0,31,false,0,partial,skilldetonate-v3-rules,0.1.0+deterministic-rules-v1.platform-discovery-v2,2026-07-31T15:26:46.959269695+00:00
1,assessment:v1:0a9ee0c514f0e11e1d31c74fbc35a5d19a60fde682447fcf94596a88e3f42e56,run_0aedc64c1e11fdfea19f3463,sha256:v1:0016b645696849e9bd5a921bc49f09802414d1f2756c237f06fc21ffa2c42607,malicious,100.0,critical,0,0,6,false,0,complete,skilldetonate-v3-rules,0.1.0+deterministic-rules-v1.platform-discovery-v2,2026-07-31T09:14:09.700249834+00:00
1,assessment:v1:0e8d20bcd88fe24a9a8eac8bba12e22d7b91cb674455da1c2d1cb8037dc2fb67,run_11d49e77f9b624d7eaaf21ab,sha256:v1:000b75cdaffe052a0dfb1800416eab5d8cd8f77b13cd77907cf9516f0a238bd3,malicious,100.0,critical,0,0,1,false,0,partial,skilldetonate-v3-rules,0.1.0+deterministic-rules-v1.platform-discovery-v2,2026-07-29T02:15:23.973878365+00:00
1,assessment:v1:0ea40cb81a484e7317214a2b0296f7a9f702ea20a55bdcd15c641d8f686d5db7,run_a85845df01bff719d5e0c6d4,sha256:v1:003e7b390d772d91ce01ec35fbec5efeca1f5e4f9a49aaccee4193be0c9ac620,malicious,100.0,critical,0,0,1,false,0,complete,skilldetonate-v3-rules,0.1.0+deterministic-rules-v1.platform-discovery-v2,2026-07-31T15:25:58.773226608+00:00
1,assessment:v1:1016ffff13d0ad8bb712e82a77a11df68099aa86ed2744fcd47a2344b67f4e04,run_28cfdc6e0b7c037ff30d2329,sha256:v1:00a0c4194c5b381a1fa703aa6aaa0ff10d1c81d3338fffadb95a69a500b28fd7,malicious,100.0,critical,0,0,3,false,0,complete,skilldetonate-v3-rules,0.1.0+deterministic-rules-v1.platform-discovery-v2,2026-07-31T15:26:40.227308357+00:00
1,assessment:v1:107237fe87d3f03945a2e301dc115d71fe218eef816266e7b046b14fcd391099,run_1e3460af1ef67514fb0906c5,sha256:v1:003e7b390d772d91ce01ec35fbec5efeca1f5e4f9a49aaccee4193be0c9ac620,malicious,100.0,critical,0,0,1,false,0,partial,skilldetonate-v3-rules,0.1.0+deterministic-rules-v1.platform-discovery-v2,2026-07-28T19:34:24.567820043+00:00
1,assessment:v1:1171b6866ff13604768b5e862cbf23bbd71286b15593f05cbb75a3df450860b9,run_521fca8b1655a2eaa44358a5,sha256:v1:009a71caca868a16aedd7997fae09000f0982651a81b8310070d59f5510bf588,malicious,100.0,critical,0,0,10,false,0,complete,skilldetonate-v3-rules,0.1.0+deterministic-rules-v1.platform-discovery-v2,2026-07-31T15:26:09.585763821+00:00
1,assessment:v1:11d227da06144a0bf04195bc9e472bb00c79eead73caa11dd49464896424a274,run_568975f41c6c610c56857c34,sha256:v1:000abaa618268a97fb82c9ca4b8327e5777905c2204d7bf7fde36cc0f7f6c2a9,malicious,100.0,critical,0,0,64,false,0,complete,skilldetonate-v3-rules,0.1.0+deterministic-rules-v1.platform-discovery-v2,2026-07-31T09:34:05.717332362+00:00
1,assessment:v1:12bffb1f3cc48856659dd93e725efd6cb84ca3bf4f34190c28d2938221090783,run_153f103f7573089717fde8d1,sha256:v1:018649a5aa8a5dd9bde297b7341ba4f0c43b5bee653654cadc1120b432efae19,malicious,100.0,critical,0,0,1,false,0,complete,skilldetonate-v3-rules,0.1.0+deterministic-rules-v1.platform-discovery-v2,2026-07-31T15:26:41.733733688+00:00
1,assessment:v1:12d942a61c79b48cf5c280499e788fab6c40479dd45da42f3195e3f90442c057,run_2059c616ff274f6eaf75331e,sha256:v1:ddfdc36b29b870328ffdcd8c43bead736ffe4358fcf55178a4481263b5d0c4de,malicious,100.0,critical,1,0,0,false,0,partial,skilldetonate-v3-rules,0.1.0+deterministic-rules-v1.platform-discovery-v2,2026-07-14T17:12:33.710903134+00:00
1,assessment:v1:13c4398f596b237ca5321eb8c732228e3eb388c1f6a0c1ce33c39046691d1d6f,run_5a4b54f4e99f1eb50a47be34,sha256:v1:0284d1ab12c42786b65ed3691d235456ffda1f7a2b9e8ec692019cab856afffb,malicious,100.0,critical,0,0,30,false,0,partial,skilldetonate-v3-rules,0.1.0+deterministic-rules-v1.platform-discovery-v2,2026-07-31T15:27:53.693007315+00:00
1,assessment:v1:144ffa3721cba628517c3badb095ceb9377ff416a459c0ac18dd865961079ee4,run_0ce076f5f11657d194809d9b,sha256:v1:00d5f73ec9ba11df94a28ad98eacc1df0cca291502b823fa717aea3cd8b02c1f,malicious,100.0,critical,0,0,1,false,0,complete,skilldetonate-v3-rules,0.1.0+deterministic-rules-v1.platform-discovery-v2,2026-07-31T15:26:32.914669561+00:00
1,assessment:v1:1481e046b2d4d60369b26cb9e92824dd3d147065d79b433a616c59ec66e81fb3,run_848e9e40af5bedfffbbc8c3f,sha256:v1:0154e02be690c00345f85ffcf332dfe9fd508d4d7568d7edc8768782f7386b31,malicious,100.0,critical,0,0,51,false,0,partial,skilldetonate-v3-rules,0.1.0+deterministic-rules-v1.platform-discovery-v2,2026-07-31T15:26:31.421725720+00:00
1,assessment:v1:14b890fbf7df0136fbfe042165ba9fc5346d1e38e2bef17e4da5edd1977f7f69,run_043ec529ee706713d2d25559,sha256:v1:00f49edb0bcda80d737964668f157ceba160e7b5279890e8e90045d8f9469263,malicious,100.0,critical,0,0,1,false,0,partial,skilldetonate-v3-rules,0.1.0+deterministic-rules-v1.platform-discovery-v2,2026-07-28T19:47:37.334306691+00:00
1,assessment:v1:15c02cca9b031ce064dcd064053f850ae3cf923c0adcdc40e52c49404ac3db4c,run_efbe1a842748b0b6f6ac1074,sha256:v1:0054fed474b29ad90fa95d6d3095132b83f0aac4a173258b57ef40be978fa608,malicious,100.0,critical,0,0,1,false,0,complete,skilldetonate-v3-rules,0.1.0+deterministic-rules-v1.platform-discovery-v2,2026-07-31T15:26:36.447777822+00:00
1,assessment:v1:17ece89b8bb84f6cdf399152626b0d4536fb1c6ad966e2f0fb49159ae4b0bbdb,run_609c25cea78bdd8dc1a2ab10,sha256:v1:00063e9657ae27027eebe685e4884a024464aad4d2915468f36c90846e847098,malicious,100.0,critical,0,0,14,false,0,complete,skilldetonate-v3-rules,0.1.0+deterministic-rules-v1.platform-discovery-v2,2026-07-31T09:34:02.424090892+00:00
1,assessment:v1:1905ee3742f8811aef346ce207efdb9e5062b4eae0877d9234f6358c7b9f8d73,run_cecbd0362001ab833221b356,sha256:v1:009114980d16fcd124940d1021d383d0d6ebca7fb42f54cf32a022ef5933aa59,malicious,100.0,critical,0,0,1,false,0,partial,skilldetonate-v3-rules,0.1.0+deterministic-rules-v1.platform-discovery-v2,2026-07-28T19:47:31.531785422+00:00
1,assessment:v1:1e09e9be5967bc604a306a92caa91189b48c8ed05859ab53d2b689c050fd5b77,run_9b3821c14334f65c2c024ef0,sha256:v1:027ad7ecd9c26ee44621c1a943b75c63065d5b29c951fc7112a8a046e17b574d,malicious,100.0,critical,0,0,25,false,0,partial,skilldetonate-v3-rules,0.1.0+deterministic-rules-v1.platform-discovery-v2,2026-07-31T15:26:51.175767600+00:00
1,assessment:v1:20db72224b37c1c455abe9ff1db927c1056166c2bd0dcd5cc7741b0ee76c9506,run_f518f2223d9eceee7519843c,sha256:v1:02979de69893f8a16c9377e549f069b3ce2d623e617c21a3573e4c3d25679d6f,benign,0.0,none,0,0,0,false,0,complete,skilldetonate-v3-rules,0.1.0+deterministic-rules-v1.platform-discovery-v2,2026-07-31T15:26:15.326444388+00:00
1,assessment:v1:2126322ddfac759508bb05c1767c577e214af5ec73045cccd8557764300c86de,run_4fc4eda93bc7850c9937fb67,sha256:v1:0121570ddf442d32d86a8b002138aa2612091e88477d36b620803640697f0dfe,malicious,100.0,critical,0,0,1,false,0,partial,skilldetonate-v3-rules,0.1.0+deterministic-rules-v1.platform-discovery-v2,2026-07-28T19:39:04.534819174+00:00
1,assessment:v1:2146a7d3ee851b0b4d39cc879138e617090a1c2edcf4896ba53992bd0bd6d39c,run_bf5d033d4d7cd5cbb38f932f,sha256:v1:000d04cf306b9d2e566b1ba181ba4cbbc018196c12dcd4f991828f1f0cf6703b,malicious,100.0,critical,0,0,6,false,0,complete,skilldetonate-v3-rules,0.1.0+deterministic-rules-v1.platform-discovery-v2,2026-07-31T15:26:26.805488755+00:00
1,assessment:v1:2386d9fae279c2fc74133958af03b8b8acde1427e8df11bb9fad75be0374393c,run_138b17f572759ac95d7fb006,sha256:v1:000abaa618268a97fb82c9ca4b8327e5777905c2204d7bf7fde36cc0f7f6c2a9,malicious,100.0,critical,0,0,64,false,0,complete,skilldetonate-v3-rules,0.1.0+deterministic-rules-v1.platform-discovery-v2,2026-07-31T15:26:06.655130003+00:00
1,assessment:v1:249b0371dd23f2736b080542bec466d83587a8be2c2617104eade74622e1fc80,run_fb22e62294c823259beace36,sha256:v1:0116c1e0b277e4ac1794d7176c687248ecaa0ccd2c0cecc16652f8fcff60245e,malicious,100.0,critical,0,0,3,false,0,complete,skilldetonate-v3-rules,0.1.0+deterministic-rules-v1.platform-discovery-v2,2026-07-31T15:26:50.654566874+00:00
1,assessment:v1:27dbef7331f345c326e14060240b776e8c5a02b140a34a2edc42a6b96d7b0dbc,run_aa902731a0c835c52a7c4875,sha256:v1:ddfdc36b29b870328ffdcd8c43bead736ffe4358fcf55178a4481263b5d0c4de,unknown,0.0,none,0,0,0,false,0,partial,skilldetonate-v3-rules,0.1.0+deterministic-rules-v1.platform-discovery-v2,2026-07-14T20:39:31.106838430+00:00
1,assessment:v1:28a67d821a6277c802586b79367319395ea1e68a14a379f0299e53ba2a29b088,run_75e6662085c464862bb0868e,sha256:v1:034d5c3d053eba08518b7f4e08a8d3531cb4337d258ed56a81233aaf426fb388,malicious,100.0,critical,0,1,3,false,0,complete,skilldetonate-v3-rules,0.1.0+deterministic-rules-v1.platform-discovery-v2,2026-07-31T15:26:54.107821096+00:00
1,assessment:v1:28dcf57a98a117e414c0ea6940fb70fb25a37ca1553b0079acefd352f6a9bf25,run_7108802c8540f41dfc0761d8,sha256:v1:ddfdc36b29b870328ffdcd8c43bead736ffe4358fcf55178a4481263b5d0c4de,benign,0.0,none,0,0,0,false,0,complete,skilldetonate-v3-rules,0.1.0+deterministic-rules-v1.platform-discovery-v2,2026-07-14T20:46:57.963468095+00:00
1,assessment:v1:2ad3c78a70cc38d7d96dc9365a720377366d59b4c43917d85ed4729c36269770,run_03a8af2ce02c34cb4763e1cc,sha256:v1:ddfdc36b29b870328ffdcd8c43bead736ffe4358fcf55178a4481263b5d0c4de,malicious,100.0,critical,3,0,1,false,0,complete,skilldetonate-v3-rules,0.1.0+deterministic-rules-v1.platform-discovery-v2,2026-07-14T16:56:33.014431842+00:00
1,assessment:v1:2b501c8f7a9574e3bc78c11da805fa3c8f8d06cf3b003e205352376c29f4540d,run_aafc35310533dd012ef71b8e,sha256:v1:ddfdc36b29b870328ffdcd8c43bead736ffe4358fcf55178a4481263b5d0c4de,malicious,100.0,critical,1,0,0,false,0,partial,skilldetonate-v3-rules,0.1.0+deterministic-rules-v1.platform-discovery-v2,2026-07-14T17:11:12.973173097+00:00
1,assessment:v1:2e129aad22ad2b079f8b5a4a0895b62ecf71cb9bb643b08294e0635d970813dd,run_05d79e9b425aa77f6f52d8ab,sha256:v1:000abaa618268a97fb82c9ca4b8327e5777905c2204d7bf7fde36cc0f7f6c2a9,malicious,100.0,critical,0,0,1,false,0,partial,skilldetonate-v3-rules,0.1.0+deterministic-rules-v1.platform-discovery-v2,2026-07-30T02:05:12.402673455+00:00
1,assessment:v1:2f6c5dd095e89d862c4197246c11ce5b620fde9f705dc69d302158cbe5906cbb,run_bcdb0eec38141c214947d868,sha256:v1:01e55fdbe4f20f4f42deae61c0185cc211d6569bdaaa6f89923735f18afbe49e,malicious,100.0,critical,0,0,1,false,0,partial,skilldetonate-v3-rules,0.1.0+deterministic-rules-v1.platform-discovery-v2,2026-07-28T19:42:31.492141414+00:00
1,assessment:v1:326abfcf9456e4913557a9e3f23b8b32fc4737dde5769de409ebeadb56774926,run_06ba8aa93f6182e767821fb8,sha256:v1:ddfdc36b29b870328ffdcd8c43bead736ffe4358fcf55178a4481263b5d0c4de,unknown,0.0,none,0,0,0,false,0,partial,skilldetonate-v3-rules,0.1.0+deterministic-rules-v1.platform-discovery-v2,2026-07-14T20:29:18.053987966+00:00
1,assessment:v1:32c8699db4a48ebde31c840265edffe37873a592c478cb12cc1b2217529aeb15,run_a09f743b3809f13340548378,sha256:v1:0054fed474b29ad90fa95d6d3095132b83f0aac4a173258b57ef40be978fa608,malicious,100.0,critical,0,0,1,false,0,partial,skilldetonate-v3-rules,0.1.0+deterministic-rules-v1.platform-discovery-v2,2026-07-28T19:46:43.677241457+00:00
1,assessment:v1:330a965765b8e68fd198847c0c0f72fcc0ef3c156bad835c7bb57807af881210,run_575189866600b681e65e8317,sha256:v1:000abaa618268a97fb82c9ca4b8327e5777905c2204d7bf7fde36cc0f7f6c2a9,malicious,100.0,critical,0,0,64,false,0,complete,skilldetonate-v3-rules,0.1.0+deterministic-rules-v1.platform-discovery-v2,2026-07-31T09:14:06.713652301+00:00
1,assessment:v1:337ba73643ee64d5c2f91b4419673fdf54538bdce11a9946d51d9aae6771922b,run_870bed152beb403bebb56ff8,sha256:v1:ddfdc36b29b870328ffdcd8c43bead736ffe4358fcf55178a4481263b5d0c4de,malicious,100.0,critical,3,0,0,false,0,complete,skilldetonate-v3-rules,0.1.0+deterministic-rules-v1.platform-discovery-v2,2026-07-14T17:19:20.185686878+00:00
1,assessment:v1:33fcc64d415b7a63f328f9b6e9d9fc6a5ce024c47e0d33d786f0895df143c0ff,run_e8169e946ebe4825f430301a,sha256:v1:ddfdc36b29b870328ffdcd8c43bead736ffe4358fcf55178a4481263b5d0c4de,malicious,100.0,critical,3,0,1,false,0,complete,skilldetonate-v3-rules,0.1.0+deterministic-rules-v1.platform-discovery-v2,2026-07-14T17:04:46.278221417+00:00
1,assessment:v1:35c64df6de8dbaa28529989cdccf3166f784e665e1e808d333c94ca157d7f296,run_d723dc384e0d7d3723aaf744,sha256:v1:00063e9657ae27027eebe685e4884a024464aad4d2915468f36c90846e847098,malicious,100.0,critical,0,0,14,false,0,complete,skilldetonate-v3-rules,0.1.0+deterministic-rules-v1.platform-discovery-v2,2026-07-31T14:52:37.337092704+00:00
1,assessment:v1:3990695dd006e4cb8ccb88152942de52bb8765faaa5317033be92aa82b89373d,run_d7e1c96f849d94833b3212c9,sha256:v1:ddfdc36b29b870328ffdcd8c43bead736ffe4358fcf55178a4481263b5d0c4de,malicious,100.0,critical,3,0,1,false,0,complete,skilldetonate-v3-rules,0.1.0+deterministic-rules-v1.platform-discovery-v2,2026-07-14T16:35:05.748444006+00:00
1,assessment:v1:3af06db1b46c04559a1b5396c52f033bdcdaca0ba5c0aabb57c74682bbf41256,run_0081ee7c8c9f451881e98edf,sha256:v1:02ba7346593c7c079cc27c4e6872107474c4bfdd8b0a245e6be1fbb8200564ac,malicious,100.0,critical,0,0,74,false,0,complete,skilldetonate-v3-rules,0.1.0+deterministic-rules-v1.platform-discovery-v2,2026-07-31T15:27:01.389645531+00:00
1,assessment:v1:3c443737049978c324bc270eeeb5270309fbbdcda8647e6616734c076d1f7298,run_42e4fb13d804a8370305279d,sha256:v1:0045fd7142a4f406b278c0aedd85cb540482d4b775bcb7ab22979a64c8859d6a,malicious,100.0,critical,0,0,13,false,0,complete,skilldetonate-v3-rules,0.1.0+deterministic-rules-v1.platform-discovery-v2,2026-07-31T15:26:09.216601458+00:00
1,assessment:v1:420f5334df0f47e29baee60f300cb0f69047a6a3b2496357f230661e7eb83842,run_a9fc1ce32a03153279f93deb,sha256:v1:010e02f58e90e540f3156c69855cf22c52de0254117d4cca9720440ce655e48d,benign,0.0,none,0,0,0,false,0,complete,skilldetonate-v3-rules,0.1.0+deterministic-rules-v1.platform-discovery-v2,2026-07-31T15:26:00.701205741+00:00
1,assessment:v1:436809689edf2836e843e1958df03395e8941aab43a4fc7bbd00f4e1c490d2c1,run_653ec8652a61617fe9f68dfc,sha256:v1:0154e02be690c00345f85ffcf332dfe9fd508d4d7568d7edc8768782f7386b31,malicious,100.0,critical,0,0,1,false,0,partial,skilldetonate-v3-rules,0.1.0+deterministic-rules-v1.platform-discovery-v2,2026-07-28T19:43:36.318710992+00:00
1,assessment:v1:43d15a74d8b7c39635758730b84efe8914795d840830fa4aa100cd3584cb0495,run_ac8ad6854b709e5e33a81eba,sha256:v1:00d5f73ec9ba11df94a28ad98eacc1df0cca291502b823fa717aea3cd8b02c1f,malicious,100.0,critical,0,0,1,false,0,partial,skilldetonate-v3-rules,0.1.0+deterministic-rules-v1.platform-discovery-v2,2026-07-28T19:33:41.894366173+00:00
1,assessment:v1:446ef8efa6d64dcc5a6f09ed18860f911e8d72777364400dc9e945a58e68bfed,run_3494250b2515f1add898482a,sha256:v1:ddfdc36b29b870328ffdcd8c43bead736ffe4358fcf55178a4481263b5d0c4de,malicious,100.0,critical,5,0,1,false,0,complete,skilldetonate-v3-rules,0.1.0+deterministic-rules-v1.platform-discovery-v2,2026-07-14T17:07:56.458311381+00:00
1,assessment:v1:449452ec0cba358d9185e5ce54e743cf40d7aae0d9a31fb93f433faa329ac9d6,run_c0a92f56de43a628222ff5c7,sha256:v1:0016b645696849e9bd5a921bc49f09802414d1f2756c237f06fc21ffa2c42607,malicious,100.0,critical,0,0,6,false,0,complete,skilldetonate-v3-rules,0.1.0+deterministic-rules-v1.platform-discovery-v2,2026-07-31T15:26:09.668277402+00:00
1,assessment:v1:469effdf9a3965e94bc742768be0eb259aee597a4ec7a501accf77ebdc2e284a,run_ddab0f4542ca166da10de225,sha256:v1:ddfdc36b29b870328ffdcd8c43bead736ffe4358fcf55178a4481263b5d0c4de,malicious,100.0,critical,0,0,1,false,0,partial,skilldetonate-v3-rules,0.1.0+deterministic-rules-v1.platform-discovery-v2,2026-07-14T20:28:19.779557342+00:00
1,assessment:v1:481c775eba344a63ce35bfe49c71d569dc3acd57217e8a79aac3e09f173cb9a1,run_49c3af00ae7fcc2c1284a432,sha256:v1:0201f96e24bbe7cae550c36b46ee5082102b829e404bbbaa0a78b6249c483ccf,benign,0.0,none,0,0,0,false,0,complete,skilldetonate-v3-rules,0.1.0+deterministic-rules-v1.platform-discovery-v2,2026-07-31T15:26:26.983575472+00:00
1,assessment:v1:48cdd1e5a05d40e4d8b8c2ff2496cc57c764ffa73297829672f940f0e1fa0132,run_e313c85d88056e7acd773594,sha256:v1:010d67991addeed8bdfde7858085febf3be0f42f627b91ecd7fe3b779479c8b9,malicious,100.0,critical,0,9,41,false,0,partial,skilldetonate-v3-rules,0.1.0+deterministic-rules-v1.platform-discovery-v2,2026-07-31T15:26:40.576674285+00:00
1,assessment:v1:48e0700c41a9a314e80beac3338fb9ef537733151a8be6ac6da505471841c8a4,run_e4e5a35fefe1708dcaa387a3,sha256:v1:006d24c376441f203ae328cab07b249f3b33588038c9b9b3da9790bc1c5bc88a,malicious,100.0,critical,0,1,23,false,0,complete,skilldetonate-v3-rules,0.1.0+deterministic-rules-v1.platform-discovery-v2,2026-07-31T15:26:18.815615147+00:00
1,assessment:v1:48e4fa85df6fd40c6bca957a74963a6d525b87ce264211fa0abce677a9a8fe1c,run_7156b1f9cec4078fd3091485,sha256:v1:002363bb18bd8f0b591d7b2dcbeea2742f07c05afcb92799c16f815b811e945d,benign,0.0,none,0,0,0,false,0,complete,skilldetonate-v3-rules,0.1.0+deterministic-rules-v1.platform-discovery-v2,2026-07-31T15:26:10.521131760+00:00
1,assessment:v1:49bd9f3e636f2732fa43c87c4b8b3d8e34f02acb31a0c4804d62f6feae2e8868,run_d3377155dd339ad6803b62ff,sha256:v1:0016b645696849e9bd5a921bc49f09802414d1f2756c237f06fc21ffa2c42607,malicious,100.0,critical,0,0,1,false,0,partial,skilldetonate-v3-rules,0.1.0+deterministic-rules-v1.platform-discovery-v2,2026-07-31T02:30:41.347648508+00:00
1,assessment:v1:4b977be725006a132e761767e6e65ee763696a05107938ef2e1c189d36a10276,run_6a913a67ed6ca5cb7115d80d,sha256:v1:000abaa618268a97fb82c9ca4b8327e5777905c2204d7bf7fde36cc0f7f6c2a9,malicious,100.0,critical,0,0,1,false,0,partial,skilldetonate-v3-rules,0.1.0+deterministic-rules-v1.platform-discovery-v2,2026-07-29T14:05:11.148700442+00:00
1,assessment:v1:4da5a41df6c72f5f72edd32ea76a05117236ff3d0fa9d036c4024031f416c392,run_f618d7251fe6b58ee8a9933c,sha256:v1:000abaa618268a97fb82c9ca4b8327e5777905c2204d7bf7fde36cc0f7f6c2a9,malicious,100.0,critical,0,0,64,false,0,complete,skilldetonate-v3-rules,0.1.0+deterministic-rules-v1.platform-discovery-v2,2026-07-31T14:52:28.942497865+00:00
1,assessment:v1:4f3ae2ccb74bb4901756d3a01403c7e2b8b3400a8e82920dd1bdf63b09a57ee2,run_83ecdb2df3e7d1ddd62bc2d8,sha256:v1:010481ad1f100553300d1f0bfb8fdcc92026880e49ab3b1caa06363c0c620cf9,malicious,100.0,critical,0,0,30,false,0,partial,skilldetonate-v3-rules,0.1.0+deterministic-rules-v1.platform-discovery-v2,2026-07-31T15:25:34.725744009+00:00
1,assessment:v1:4f842f56bbcda80c84cbbd2c4402720852256f3cadd3bc32d41bd02ccb4113b8,run_08df4adeedbe7e8f0cd64e96,sha256:v1:00de54fd5d7a0d676e85ae6be83fa6fb247e91448cbe6e7bf05da7c19fd6ca5a,malicious,100.0,critical,0,0,77,false,0,complete,skilldetonate-v3-rules,0.1.0+deterministic-rules-v1.platform-discovery-v2,2026-07-31T15:26:20.231574797+00:00
1,assessment:v1:5009b2cf14d52c8e6019e02c4fc4cc92775eb3904210afbb19b5b52af6ee00b5,run_e5dd8d163a0bb0f783945e19,sha256:v1:020c2fdf7f74e79a31fdc46d90818d9e9418b53d17e8786002fd83af2b0543ff,malicious,100.0,critical,0,0,27,false,0,partial,skilldetonate-v3-rules,0.1.0+deterministic-rules-v1.platform-discovery-v2,2026-07-31T15:26:34.601931490+00:00
1,assessment:v1:539812c007fffc4a24e8e65559af683c4ebd9bd803ff3e1cc59c772565a17c83,run_cb5d73185ee3a0da79ad26a7,sha256:v1:00063e9657ae27027eebe685e4884a024464aad4d2915468f36c90846e847098,malicious,100.0,critical,0,0,14,false,0,complete,skilldetonate-v3-rules,0.1.0+deterministic-rules-v1.platform-discovery-v2,2026-07-31T14:00:08.611709880+00:00
1,assessment:v1:53d0d466ddba288332747994623eb8b66a4bb7a2eb21360ab825dd6036b6059a,run_e3b024ba848d2f3512a194bf,sha256:v1:0016b645696849e9bd5a921bc49f09802414d1f2756c237f06fc21ffa2c42607,malicious,100.0,critical,0,0,6,false,0,complete,skilldetonate-v3-rules,0.1.0+deterministic-rules-v1.platform-discovery-v2,2026-07-31T09:34:09.773256952+00:00
1,assessment:v1:53da6d718d701c67c3c11cfb60feb80c1d9281757b6064ebf26e2a96d724b70c,run_3858c8d9e069a8b0a332d43e,sha256:v1:00fec81a6c4b38757090ab811ab83a4d55734e74b3838678e2707f5b833e3a9c,malicious,100.0,critical,0,0,31,false,0,partial,skilldetonate-v3-rules,0.1.0+deterministic-rules-v1.platform-discovery-v2,2026-07-31T15:26:32.797311889+00:00
1,assessment:v1:5469d356d9280ad86fe10442644a5875c4488b9412398d31cd67eeb06f83fdcd,run_2943c2f8c6dd2c858c908a72,sha256:v1:006d24c376441f203ae328cab07b249f3b33588038c9b9b3da9790bc1c5bc88a,malicious,100.0,critical,0,0,1,false,0,partial,skilldetonate-v3-rules,0.1.0+deterministic-rules-v1.platform-discovery-v2,2026-07-28T19:34:33.434124617+00:00
1,assessment:v1:54abd27e7713b7268be1f1cd897cd20f104664520f59a13495484bfee068b1c0,run_472744a34e79d222825d0361,sha256:v1:01d310c26e56391ba7abadf4ca4629d6eb97201da76cb511b98b6c9a53df957d,benign,0.0,none,0,0,0,false,0,complete,skilldetonate-v3-rules,0.1.0+deterministic-rules-v1.platform-discovery-v2,2026-07-31T15:26:34.517705051+00:00
1,assessment:v1:56104c15eb06aec31ab5996908ef7e083c1d4d193a9d0011bb31b54f44740164,run_5b8d3f7e1ad470123e8e013a,sha256:v1:00fb9e6eb75d43056557d6b274f0880593f754018d0206af925faf2ed2feb2c9,malicious,100.0,critical,0,0,20,false,0,partial,skilldetonate-v3-rules,0.1.0+deterministic-rules-v1.platform-discovery-v2,2026-07-31T15:26:13.791759180+00:00
1,assessment:v1:5678f05c6fffa16ed713db8025cb99a344cf1768c3d192edf8c57ba3c2417951,run_8b51224263c7dc3b53a3a3e4,sha256:v1:002adb2544e65d66a5c8335da1ef57e8bb31ac399cf722625bf165b6d7351d52,malicious,100.0,critical,0,0,1,false,0,partial,skilldetonate-v3-rules,0.1.0+deterministic-rules-v1.platform-discovery-v2,2026-07-28T19:38:03.274819409+00:00
1,assessment:v1:56caf418e16d160f74df15a4f93a06764b90fc56b7f7c84154ebc699a633d225,run_c9738c1c17ca3d0c907525b8,sha256:v1:0121570ddf442d32d86a8b002138aa2612091e88477d36b620803640697f0dfe,malicious,100.0,critical,0,0,46,false,0,partial,skilldetonate-v3-rules,0.1.0+deterministic-rules-v1.platform-discovery-v2,2026-07-31T15:26:30.420722194+00:00
1,assessment:v1:5707ecc0a53b8eb492daee3fbf12e7fe4558fbc56bf266e1acac90a62d4bb1a0,run_e727a161344f518057e0932b,sha256:v1:01459ea1be35779bbc36f9dcaa2fc8a2631ca57b4aac5f58185e394be46396e4,benign,0.0,none,0,0,0,false,0,complete,skilldetonate-v3-rules,0.1.0+deterministic-rules-v1.platform-discovery-v2,2026-07-31T15:26:13.413433747+00:00
1,assessment:v1:57588321c58ac23aa0a260f6267f42f786fb6e4ed6e173460c02e831fbfde241,run_ec2f4000d818b1f56175b29c,sha256:v1:014ab80fdb90e71afa0677946caa9c966e4d00902dd63c59f988e158d491c4ab,malicious,100.0,critical,0,0,2,false,0,complete,skilldetonate-v3-rules,0.1.0+deterministic-rules-v1.platform-discovery-v2,2026-07-31T15:26:23.882797898+00:00
1,assessment:v1:5a988b6cd5a7eb20aff20d75a3b7c7c83407a05866b44c31b8c884a16184adeb,run_7261310bb887e1c04a9f42fa,sha256:v1:ddfdc36b29b870328ffdcd8c43bead736ffe4358fcf55178a4481263b5d0c4de,malicious,100.0,critical,5,0,1,false,0,complete,skilldetonate-v3-rules,0.1.0+deterministic-rules-v1.platform-discovery-v2,2026-07-14T17:25:29.223686882+00:00
1,assessment:v1:5d4195d71529fce7d561be489e35ed2df6d7ca38055925e14fcff18e3b082e23,run_d6848466ec5cee5902056a55,sha256:v1:ddfdc36b29b870328ffdcd8c43bead736ffe4358fcf55178a4481263b5d0c4de,malicious,100.0,critical,0,0,1,false,0,partial,skilldetonate-v3-rules,0.1.0+deterministic-rules-v1.platform-discovery-v2,2026-07-14T19:37:34.998659211+00:00
1,assessment:v1:5eb1be3ba07c96747a9de86cf2d1a5e562ef09d4a4589a2e8cb42f39c72a1c98,run_0cfa69225a67f8ba15f04417,sha256:v1:ddfdc36b29b870328ffdcd8c43bead736ffe4358fcf55178a4481263b5d0c4de,unknown,0.0,none,0,0,0,false,0,unavailable,skilldetonate-v3-rules,0.1.0+deterministic-rules-v1.platform-discovery-v2,2026-07-14T16:29:58.501625585+00:00
1,assessment:v1:5ff3132afb8e1132e83d79b7c8a9ad86f419128ae8b06cf57f5f2f6a392b871b,run_a25848dd255e1ef1a2dd90a0,sha256:v1:001a02f3f204bd469e7b19b61e2f17d92ecc9d980360610124d23f8196d8cfa2,malicious,100.0,critical,0,0,1,false,0,partial,skilldetonate-v3-rules,0.1.0+deterministic-rules-v1.platform-discovery-v2,2026-07-28T19:42:52.177799332+00:00
1,assessment:v1:63d2bebefa30adbb86c6e3f0df043a59544066e8ad09f765f7aff713067721bb,run_38338b031be9749bf260dd56,sha256:v1:00403f895f189fb5bb74336376f2b65cf07e5f212ea8c7e1b972243b1342b6dc,benign,0.0,none,0,0,0,false,0,complete,skilldetonate-v3-rules,0.1.0+deterministic-rules-v1.platform-discovery-v2,2026-07-31T15:26:37.079561532+00:00
1,assessment:v1:660f2941a4396d4b7db76da35003627243caa1ba1007502b97b638b972512dfc,run_4058b48e94f220ca126ed609,sha256:v1:01f850800b09997c213a66bb3d1e3aea60c27ca71beae1d49d6a18480eb222f3,malicious,100.0,critical,0,0,1,false,0,partial,skilldetonate-v3-rules,0.1.0+deterministic-rules-v1.platform-discovery-v2,2026-07-28T19:42:45.905503851+00:00
1,assessment:v1:67c887129f06af11659d1b60bc12f449f007a96dc3f335e827d204ab8bae1728,run_d5300416799143c3e477d2f6,sha256:v1:000b75cdaffe052a0dfb1800416eab5d8cd8f77b13cd77907cf9516f0a238bd3,malicious,100.0,critical,0,0,41,false,0,complete,skilldetonate-v3-rules,0.1.0+deterministic-rules-v1.platform-discovery-v2,2026-07-31T14:52:32.194202896+00:00
1,assessment:v1:6af7d03c30e367788deb54506970404b686f4aad435a62f74d4535853fd831dc,run_66e83be9ddc6619fedbbb470,sha256:v1:025d5ac3cb6bb34a16423f6eb71a55ddcc175ef244c10a237adc46c0b25a6c0a,malicious,100.0,critical,0,0,83,false,0,partial,skilldetonate-v3-rules,0.1.0+deterministic-rules-v1.platform-discovery-v2,2026-07-31T15:26:40.425717782+00:00
1,assessment:v1:6c2d9105b1fcd6c9419c25c6a447742c356956a560a782416ff63fbcae370624,run_69957b5864b01a9ac6e84062,sha256:v1:01c7e097a864e812090fcee9ea239511f172102084c30a4445a029f33e4a04f0,malicious,100.0,critical,0,0,1,false,0,partial,skilldetonate-v3-rules,0.1.0+deterministic-rules-v1.platform-discovery-v2,2026-07-28T19:43:31.291391219+00:00
1,assessment:v1:6c68611b3f3689ee9e9cbf7ea2078d922f95b7bb28559bd608e8d3b89348ae8c,run_e924b1d75e52c0af26a32eaa,sha256:v1:ddfdc36b29b870328ffdcd8c43bead736ffe4358fcf55178a4481263b5d0c4de,unknown,0.0,none,0,0,0,false,0,unavailable,skilldetonate-v3-rules,0.1.0+deterministic-rules-v1.platform-discovery-v2,2026-07-14T19:31:41.959876090+00:00
1,assessment:v1:6d709b802bce5134daf2885562c407191ab80a3d90b4a005c429e88014b51e2f,run_ce46553efb43305989179ee0,sha256:v1:00063e9657ae27027eebe685e4884a024464aad4d2915468f36c90846e847098,malicious,100.0,critical,0,0,1,false,0,partial,skilldetonate-v3-rules,0.1.0+deterministic-rules-v1.platform-discovery-v2,2026-07-31T02:30:50.392334817+00:00
1,assessment:v1:6e9506aea6931c46bfec425eb30a3a4e09b60093d4f56d969700b06f8732826c,run_f866bb7f67a571f1221e7a2a,sha256:v1:01a4a43603119b369a44035d42b3ff1cc5ead3769763ff4f8571186b244e7637,malicious,100.0,critical,0,0,36,false,0,complete,skilldetonate-v3-rules,0.1.0+deterministic-rules-v1.platform-discovery-v2,2026-07-31T15:26:09.669147277+00:00
1,assessment:v1:6eb9140e35e14efc3bc13ba1bdda57505388e60cd137e15202c0237793b09042,run_a5f574f324a38697701bc866,sha256:v1:0161cee9e1062e735faf09e85dfa9c4fdefcb74abe2a3f00be173a3aa5f57606,benign,0.0,none,0,0,0,false,0,complete,skilldetonate-v3-rules,0.1.0+deterministic-rules-v1.platform-discovery-v2,2026-07-31T15:26:42.783078088+00:00
1,assessment:v1:732e83d3628f17e610b44de35b5bc3b7fd04a49d863a22d58617b6c620c42015,run_c14d43d03ec182f464d8440e,sha256:v1:0016b645696849e9bd5a921bc49f09802414d1f2756c237f06fc21ffa2c42607,malicious,100.0,critical,0,0,1,false,0,partial,skilldetonate-v3-rules,0.1.0+deterministic-rules-v1.platform-discovery-v2,2026-07-30T02:05:03.394616959+00:00
1,assessment:v1:769832d3752efc6861efc4b505e62abcbe5ef82a369af9eb240cdc282a924df4,run_c31204c610bcf3d0d0c2ce32,sha256:v1:0208985dcdf3ee1ecbc3526183c0b5ebea53df46f18690e76f45cbf7d8271b2f,malicious,100.0,critical,0,1,13,false,0,partial,skilldetonate-v3-rules,0.1.0+deterministic-rules-v1.platform-discovery-v2,2026-07-31T15:26:43.813845232+00:00
1,assessment:v1:77432f778f157db54f6a74572d07b6a1ae6375c0ae61a261148667030b2e6988,run_a6a0760b980126d04d451d82,sha256:v1:00063e9657ae27027eebe685e4884a024464aad4d2915468f36c90846e847098,malicious,100.0,critical,0,0,14,false,0,complete,skilldetonate-v3-rules,0.1.0+deterministic-rules-v1.platform-discovery-v2,2026-07-31T09:14:17.626677418+00:00
1,assessment:v1:7822c2d6cde01d898f85c56df4af6da23dac9d3a0d4cde6210eb430c7d79bff8,run_3e5d9d600ef65573365c9b36,sha256:v1:00858a3678fb0d782014cf1e512d8aec234d02bca57c012ec615b13dc2d2747d,benign,0.0,none,0,0,0,false,0,complete,skilldetonate-v3-rules,0.1.0+deterministic-rules-v1.platform-discovery-v2,2026-07-31T15:26:06.473197109+00:00
1,assessment:v1:7c669ec4875cd515870d378ac03be885ebd99d2c3bdc72962aacf8327b467f13,run_2dcb303f15ae6d237e497206,sha256:v1:009c35206e87e8d76426842a41b46b836f6d4e648001ffddc5e4d4078b5a8d5b,benign,0.0,none,0,0,0,false,0,complete,skilldetonate-v3-rules,0.1.0+deterministic-rules-v1.platform-discovery-v2,2026-07-31T15:26:15.269563041+00:00
1,assessment:v1:7f47912d74e3aba30c64ed6fa1560a34278433c0a6db80ec0a8a3bfafd7b907b,run_90bd4a2b42ae175c22f1ec3c,sha256:v1:01df1e33c1dc57e35857887a0415b3b91e86c355f7f8deac55aa95d7fcb6190f,malicious,100.0,critical,0,0,9,false,0,complete,skilldetonate-v3-rules,0.1.0+deterministic-rules-v1.platform-discovery-v2,2026-07-31T15:26:36.877905836+00:00
1,assessment:v1:8396a98753ff82890462d35489e5fb0c9b9b89c122dec373044310c89939812c,run_830f08ad4a52cbf1f2d4ded9,sha256:v1:00bb04fef3d5e79b3cb37a036e0802b9667ada0bcba51f7ddae4bf84e9d2188e,malicious,100.0,critical,0,0,54,false,0,partial,skilldetonate-v3-rules,0.1.0+deterministic-rules-v1.platform-discovery-v2,2026-07-31T15:26:18.497391653+00:00
1,assessment:v1:856b838ae5a3646b8ac6f4eda5df68a009a4c0e0b13662919ea00d5523953ca1,run_d8ac6093536eb648c68a1b65,sha256:v1:00fbb01868143eef35d44a0fb3ed798eeaa1085445eb0f4335fe19e53355042f,benign,0.0,none,0,0,0,false,0,complete,skilldetonate-v3-rules,0.1.0+deterministic-rules-v1.platform-discovery-v2,2026-07-31T15:26:19.258942347+00:00
1,assessment:v1:8676059a80986d2f7712e7078bfd41b87aeccb0f5f156742107aee7e77af6753,run_7f259c582a60df28235b0c2b,sha256:v1:018649a5aa8a5dd9bde297b7341ba4f0c43b5bee653654cadc1120b432efae19,malicious,100.0,critical,0,0,1,false,0,partial,skilldetonate-v3-rules,0.1.0+deterministic-rules-v1.platform-discovery-v2,2026-07-28T19:48:01.673469272+00:00
1,assessment:v1:87c16b87f4000be994280fe1cd1ea53cb33ba1aae1c730953e6cf04bfaf0e3db,run_178426ccc194cc18a7d6d987,sha256:v1:0016b645696849e9bd5a921bc49f09802414d1f2756c237f06fc21ffa2c42607,malicious,100.0,critical,0,0,1,false,0,partial,skilldetonate-v3-rules,0.1.0+deterministic-rules-v1.platform-discovery-v2,2026-07-29T14:04:46.463978016+00:00
1,assessment:v1:87f445dd7a79c7a63159e26b262c197843a06ec1119230be0da9ac67b0ee7ac9,run_9e9d525204a1c93aca181565,sha256:v1:02323423caf9d56076fd2ac052f2992b2ed46ed4aedc256e2df5860821817212,malicious,100.0,critical,0,0,5,false,0,complete,skilldetonate-v3-rules,0.1.0+deterministic-rules-v1.platform-discovery-v2,2026-07-31T15:26:41.687365492+00:00
1,assessment:v1:8933f714d5a7c9d70d693279a789478a13f7678304e737f1041604ce02deb7a5,run_11979eec8e458a48064e0401,sha256:v1:00063e9657ae27027eebe685e4884a024464aad4d2915468f36c90846e847098,malicious,100.0,critical,0,0,1,false,0,partial,skilldetonate-v3-rules,0.1.0+deterministic-rules-v1.platform-discovery-v2,2026-07-29T02:15:45.956442540+00:00
1,assessment:v1:8a1c23c7ea025d44b88af62b602cbab6f51353489fb8cbccf38f83f8c58216ca,run_ef025218de10003b3b89dcf5,sha256:v1:002363bb18bd8f0b591d7b2dcbeea2742f07c05afcb92799c16f815b811e945d,malicious,100.0,critical,0,0,1,false,0,partial,skilldetonate-v3-rules,0.1.0+deterministic-rules-v1.platform-discovery-v2,2026-07-28T19:43:18.185490685+00:00
1,assessment:v1:8a7b509dd328b87c9b1c89dad6672042dccbc9f788de0b1b86df54e65523286c,run_afea2b428466d94c61a3b1ff,sha256:v1:0078fe721e8013557afe79bf8875aa6baf3cbe6bee330b15d5fb48334f4d4e5c,malicious,100.0,critical,0,1,13,false,0,partial,skilldetonate-v3-rules,0.1.0+deterministic-rules-v1.platform-discovery-v2,2026-07-31T15:26:47.512005034+00:00
1,assessment:v1:8a9b3fc0afe72c2c813408de7b7f6822474acc416598f800422455931725f7b1,run_87ff1fb9c632cdeb86d31312,sha256:v1:ddfdc36b29b870328ffdcd8c43bead736ffe4358fcf55178a4481263b5d0c4de,malicious,100.0,critical,0,0,1,false,0,partial,skilldetonate-v3-rules,0.1.0+deterministic-rules-v1.platform-discovery-v2,2026-07-14T20:18:26.823569470+00:00
1,assessment:v1:8ae03cd431ffae69eaa10ae1fe3c356f863a961be2695c547a1145a49d81410b,run_ae3653eca29a1201260cd24b,sha256:v1:009a71caca868a16aedd7997fae09000f0982651a81b8310070d59f5510bf588,malicious,100.0,critical,0,0,1,false,0,partial,skilldetonate-v3-rules,0.1.0+deterministic-rules-v1.platform-discovery-v2,2026-07-28T19:34:19.438170410+00:00
1,assessment:v1:8d374ad90f9820c52eff7d8bc198cdc4a4d7ac3fefcdc9bf44c9c3d26c7d2ac8,run_b8ae9bf11001c4ff609bdf46,sha256:v1:ddfdc36b29b870328ffdcd8c43bead736ffe4358fcf55178a4481263b5d0c4de,unknown,0.0,none,0,0,0,false,0,partial,skilldetonate-v3-rules,0.1.0+deterministic-rules-v1.platform-discovery-v2,2026-07-14T20:43:43.293626255+00:00
1,assessment:v1:8ddf86743f65693468e40b8181ea26405e8d2c0f0bda39ba3437ba688e8eb4d8,run_78407ce62001bf933eeb531a,sha256:v1:029db1232bcdd55a1c32ed226a88984a28b5a82d302a4910f45b74bee3548456,malicious,100.0,critical,0,0,20,false,0,partial,skilldetonate-v3-rules,0.1.0+deterministic-rules-v1.platform-discovery-v2,2026-07-31T15:26:49.793248124+00:00
1,assessment:v1:8fdf44577fa788618e5667d42cc1a19c61723848cbc6a2c1daa54acccd8e6474,run_f082ec21c1502082c3228471,sha256:v1:010a24a499d5b147a9dc74b24eef7247c13c41bb6c57ce853381c82105453378,malicious,100.0,critical,0,0,1,false,0,partial,skilldetonate-v3-rules,0.1.0+deterministic-rules-v1.platform-discovery-v2,2026-07-28T19:47:47.884581647+00:00
1,assessment:v1:903abdd1cc50eeb9525ffb47cb9ea28a8829746fd2b72f38a442722e89a37f47,run_9806d2c80d9467c1e19dfee5,sha256:v1:001a02f3f204bd469e7b19b61e2f17d92ecc9d980360610124d23f8196d8cfa2,benign,0.0,none,0,0,0,false,0,complete,skilldetonate-v3-rules,0.1.0+deterministic-rules-v1.platform-discovery-v2,2026-07-31T15:26:19.754488702+00:00
1,assessment:v1:91fad4ef1d83c86d70971dfbe17fa80c0ad34a2b58aed93224e21adbea5b5479,run_453c72f2d15477cd837ecd04,sha256:v1:0016b645696849e9bd5a921bc49f09802414d1f2756c237f06fc21ffa2c42607,malicious,100.0,critical,0,0,1,false,0,partial,skilldetonate-v3-rules,0.1.0+deterministic-rules-v1.platform-discovery-v2,2026-07-29T02:15:42.074082129+00:00
1,assessment:v1:94dc60eb63eddf73fe27cd43273c112f4df4ca5277ed9c410cf0c7ff5b37da08,run_044a96e857b92351f3b04cf5,sha256:v1:0016b645696849e9bd5a921bc49f09802414d1f2756c237f06fc21ffa2c42607,malicious,100.0,critical,0,0,1,false,0,partial,skilldetonate-v3-rules,0.1.0+deterministic-rules-v1.platform-discovery-v2,2026-07-28T19:47:17.385446711+00:00
1,assessment:v1:9680f39412a074343dada01b2e4bc6334ff4b2282ad448029e04a0f37a210194,run_b14f84a44f360a1a23202eec,sha256:v1:000abaa618268a97fb82c9ca4b8327e5777905c2204d7bf7fde36cc0f7f6c2a9,malicious,100.0,critical,0,0,1,false,0,partial,skilldetonate-v3-rules,0.1.0+deterministic-rules-v1.platform-discovery-v2,2026-07-31T02:30:57.517435798+00:00
1,assessment:v1:97fbde32fc410340bcbaf133ce54ff1042d84f21f3de6b8247f82c2b6bbd11b3,run_c7beaacbe1407d84a6fc615b,sha256:v1:021050477f326d91dadc61bb0b02db801b56f16384ed29b11590b11a91b4d00c,malicious,100.0,critical,0,0,10,false,0,complete,skilldetonate-v3-rules,0.1.0+deterministic-rules-v1.platform-discovery-v2,2026-07-31T15:26:28.199525068+00:00
1,assessment:v1:98019ac37a8b61050abcbfce8dcc1fac20925a02b36dbf31ef5722d1378b1b15,run_47f2c5c6cc2787cc0c10aade,sha256:v1:0016b645696849e9bd5a921bc49f09802414d1f2756c237f06fc21ffa2c42607,malicious,100.0,critical,0,0,6,false,0,complete,skilldetonate-v3-rules,0.1.0+deterministic-rules-v1.platform-discovery-v2,2026-07-31T13:59:52.453830286+00:00
1,assessment:v1:98156f945b8384e01920b0d0f28aa6a115484641bd78aca23e59892d878058c9,run_1bebe117c50d1d9165b1e20a,sha256:v1:000b75cdaffe052a0dfb1800416eab5d8cd8f77b13cd77907cf9516f0a238bd3,malicious,100.0,critical,0,0,1,false,0,partial,skilldetonate-v3-rules,0.1.0+deterministic-rules-v1.platform-discovery-v2,2026-07-31T02:30:47.066306625+00:00
1,assessment:v1:9a984e9ec582cb41467cbe971d60213e8f415acdbc05519f5a44c0d004f438e1,run_872aa26266a0557d6918aabe,sha256:v1:000b75cdaffe052a0dfb1800416eab5d8cd8f77b13cd77907cf9516f0a238bd3,malicious,100.0,critical,0,0,41,false,0,complete,skilldetonate-v3-rules,0.1.0+deterministic-rules-v1.platform-discovery-v2,2026-07-31T09:14:04.578504476+00:00
1,assessment:v1:9bae3cd361d5c52ba67a2622d38dbbd2881bbd9b1e547f9b679d5f0a05f0f046,run_fedd5d5ad47024e4af7653f1,sha256:v1:000b75cdaffe052a0dfb1800416eab5d8cd8f77b13cd77907cf9516f0a238bd3,malicious,100.0,critical,0,0,41,false,0,complete,skilldetonate-v3-rules,0.1.0+deterministic-rules-v1.platform-discovery-v2,2026-07-31T13:59:41.181481399+00:00
1,assessment:v1:9cf633460cc885af1b128176169a0fd32bb6dfc9cad0948c9db02b4bb2e2d96f,run_47abe23b4ea9de4086185318,sha256:v1:00d2b3ea6989de049bb450045f140b125cf7e7f4b89ea9bc8602c2b5b3d3870e,malicious,100.0,critical,0,0,32,false,0,complete,skilldetonate-v3-rules,0.1.0+deterministic-rules-v1.platform-discovery-v2,2026-07-31T15:26:20.093953503+00:00
1,assessment:v1:9d86310dcf2f70fe9483592642f5e0ca7a99d1e6e8f31c771992c6af1fbe1a6f,run_e362e95084de6a329dcf71fa,sha256:v1:00fec81a6c4b38757090ab811ab83a4d55734e74b3838678e2707f5b833e3a9c,malicious,100.0,critical,0,0,1,false,0,partial,skilldetonate-v3-rules,0.1.0+deterministic-rules-v1.platform-discovery-v2,2026-07-28T19:34:33.229879895+00:00
1,assessment:v1:9f05bb874ce4a97a10219db3ddd3914f7edd0c0f702d10acf57d966a400d1403,run_2a8fe28209705a9d10bf8874,sha256:v1:011566d4c009ee2e094eacc9013c9d9ca9c9eadf1d950dc4381ec7cf9ab980c6,benign,0.0,none,0,0,0,false,0,complete,skilldetonate-v3-rules,0.1.0+deterministic-rules-v1.platform-discovery-v2,2026-07-31T15:26:20.706665235+00:00
1,assessment:v1:a1b66176f51ba454f99a988660cfe21f252c037c13c6898a3d780c06f8200840,run_9f00dcdfcdc43918c081c978,sha256:v1:00063e9657ae27027eebe685e4884a024464aad4d2915468f36c90846e847098,malicious,100.0,critical,0,0,1,false,0,partial,skilldetonate-v3-rules,0.1.0+deterministic-rules-v1.platform-discovery-v2,2026-07-28T19:38:38.222861162+00:00
1,assessment:v1:a450ac3e412a80ad8bdc8bbe414c956f86823e84b26b476d1e038b4fa44d8f1f,run_4e49b95e139bdd1dfba10b7d,sha256:v1:00a8f349a5e1cadd0d0b2df137417f3876b4265fe4af1ed739b47e6f1f8b4961,malicious,100.0,critical,0,0,1,false,0,complete,skilldetonate-v3-rules,0.1.0+deterministic-rules-v1.platform-discovery-v2,2026-07-31T15:26:22.916133153+00:00
1,assessment:v1:a4b2bcf11c813a2b7ff821b0bf1103b57f7f4f564b6e9a2f5108db019dec895d,run_b12a784dd59c0cd91492dde8,sha256:v1:0290d365785f0856c325bfa738c6803c8ec5007f769a55c736fbbba54784a895,benign,0.0,none,0,0,0,false,0,complete,skilldetonate-v3-rules,0.1.0+deterministic-rules-v1.platform-discovery-v2,2026-07-31T15:26:06.362883791+00:00
1,assessment:v1:a4c13980f55d5c8bf8aa986b25387b832718db04ec6f39127cfea4e430758fa8,run_51a0a450d1c3ca849294d595,sha256:v1:ddfdc36b29b870328ffdcd8c43bead736ffe4358fcf55178a4481263b5d0c4de,malicious,100.0,critical,1,0,0,false,0,complete,skilldetonate-v3-rules,0.1.0+deterministic-rules-v1.platform-discovery-v2,2026-07-14T17:08:35.613890802+00:00
1,assessment:v1:a4e27df6385dcc6905b0a7ac94f697fb89eaac003b720c6e73ca25c884d60c8d,run_e9a0b5f68a2e6f58e9231740,sha256:v1:0170d497f7a10aac5d964a818d3a38a6e90d75dbf8aa40c813c4bb10d099a48f,malicious,100.0,critical,0,0,35,false,0,partial,skilldetonate-v3-rules,0.1.0+deterministic-rules-v1.platform-discovery-v2,2026-07-31T15:26:40.846167707+00:00
1,assessment:v1:a57a7e588b0b67f10fe47781dca9be6eb327506db4c3ad999432206dc5089afd,run_4b3b093ab1110c1e48576ba0,sha256:v1:01f850800b09997c213a66bb3d1e3aea60c27ca71beae1d49d6a18480eb222f3,malicious,100.0,critical,0,0,26,false,0,partial,skilldetonate-v3-rules,0.1.0+deterministic-rules-v1.platform-discovery-v2,2026-07-31T15:26:19.532648530+00:00
1,assessment:v1:a65ce2a6858ed60e4e9a20fe106c9420001f4c19b8cb73041feea3201fd3e082,run_13577f3fbc25e2cb65a2a8d7,sha256:v1:000b75cdaffe052a0dfb1800416eab5d8cd8f77b13cd77907cf9516f0a238bd3,malicious,100.0,critical,0,0,1,false,0,partial,skilldetonate-v3-rules,0.1.0+deterministic-rules-v1.platform-discovery-v2,2026-07-28T19:46:30.552252024+00:00
1,assessment:v1:a7de3c1902cee250c210b5751895a15067a1cc3a3d646d183a069d813c82ce54,run_108e479825360533210c75bd,sha256:v1:01468e7673c1a115e9524686e3a34204b217ee936f549fd5bc9b7169c9a61192,benign,0.0,none,0,0,0,false,0,complete,skilldetonate-v3-rules,0.1.0+deterministic-rules-v1.platform-discovery-v2,2026-07-31T15:26:24.262947677+00:00
1,assessment:v1:a8211acb8bf78cc55951743925426cbe0b2fa7e2005b74606291dd057b16982a,run_ce74b976f3648c3eaf91a1b0,sha256:v1:000e1c5f21692db232bc933c73d2ce949355ab566ce1461697f80053e4af5584,malicious,100.0,critical,0,0,1,false,0,partial,skilldetonate-v3-rules,0.1.0+deterministic-rules-v1.platform-discovery-v2,2026-07-28T19:38:19.213963944+00:00
1,assessment:v1:a83fe58983c1ad1a654d0936844af3e9b494e8694b2b0999d62a42f23679edf8,run_3719ed1003c6e5c0def96bfd,sha256:v1:000d04cf306b9d2e566b1ba181ba4cbbc018196c12dcd4f991828f1f0cf6703b,malicious,100.0,critical,0,0,1,false,0,partial,skilldetonate-v3-rules,0.1.0+deterministic-rules-v1.platform-discovery-v2,2026-07-28T19:38:51.660683600+00:00
1,assessment:v1:aa33f298c0b3b7cdfe1f9564176d5f9ef46d897cfc9a9b54e8561cbe585bfbf2,run_1394ff6201a713ce4b15465b,sha256:v1:0050b2023af68bc300d1af6b2fc72acdd8852c521d646c1fd6da3126d8db90e3,malicious,100.0,critical,0,0,1,false,0,partial,skilldetonate-v3-rules,0.1.0+deterministic-rules-v1.platform-discovery-v2,2026-07-28T19:38:15.854447438+00:00
1,assessment:v1:ab79cc7564b5f9d2a447e45acaebc4df797968eb5c33c45037fd5be0a19d3ac0,run_8fa00bfc7855979e8ac6e174,sha256:v1:00e5402852db720004aef0eec7aad703f774fcf11ef29ba89d2b68b4566058fe,benign,0.0,none,0,0,0,false,0,complete,skilldetonate-v3-rules,0.1.0+deterministic-rules-v1.platform-discovery-v2,2026-07-31T15:26:25.694223879+00:00
1,assessment:v1:ab89ce72ffc6c97ab0543fad55a094cad21ac7a8ff70db882b6405df2108625d,run_d86ad8b95a71daacfc9ecbac,sha256:v1:000b75cdaffe052a0dfb1800416eab5d8cd8f77b13cd77907cf9516f0a238bd3,malicious,100.0,critical,0,0,1,false,0,partial,skilldetonate-v3-rules,0.1.0+deterministic-rules-v1.platform-discovery-v2,2026-07-30T02:05:04.255280606+00:00
1,assessment:v1:ab9e03d35c10ef605fc410f9bcab71495401307a8f4766fd244a46a7b3ec544f,run_954f8136cf2138247e0d83fe,sha256:v1:01a48a8181d34eb03bb29ac378cd838a74883dc25349f9140f00622c40a14e46,benign,0.0,none,0,0,0,false,0,complete,skilldetonate-v3-rules,0.1.0+deterministic-rules-v1.platform-discovery-v2,2026-07-31T15:26:58.426049384+00:00
1,assessment:v1:abc3069005157f385badbd4e2e526662fd1805b5f9fbe8a8763f95a90cfa879a,run_142b4fa8ca89956605c5ca03,sha256:v1:01c4286c2e0a8e005af4287b7af11a8518129689e300fa13e5b3475317af4e39,malicious,100.0,critical,0,1,12,false,0,partial,skilldetonate-v3-rules,0.1.0+deterministic-rules-v1.platform-discovery-v2,2026-07-31T15:26:52.403110125+00:00
1,assessment:v1:ad1360c174e1d5ff2f52d18430968beb6bb91d603b8cd7683e47d4a6c7a067c6,run_6777a277b24e0ffabd059a8e,sha256:v1:01c39e789eacee8e42c6a0a3f60e6ce8e2186a16ec49a71acb99c2676f77be14,benign,0.0,none,0,0,0,false,0,complete,skilldetonate-v3-rules,0.1.0+deterministic-rules-v1.platform-discovery-v2,2026-07-31T15:25:43.404456126+00:00
1,assessment:v1:ad7961816ef0d46b6b880cd2cc9ef3a3b23e29b52e57a4fe270a29e05b1d3e01,run_2d628e76f168b04df53ec544,sha256:v1:01f516bd873bb3a5a411ff2f53eedf8398f6132994bff289d0461d6922b31269,benign,0.0,none,0,0,0,false,0,complete,skilldetonate-v3-rules,0.1.0+deterministic-rules-v1.platform-discovery-v2,2026-07-31T15:26:31.034738576+00:00
1,assessment:v1:b10519b1143a5b23a217b1c9f603f996999f0f1be2938480d32af04d13ce7ecd,run_bdd23d5346c6b71cb9ecaedd,sha256:v1:00063e9657ae27027eebe685e4884a024464aad4d2915468f36c90846e847098,malicious,100.0,critical,0,0,1,false,0,partial,skilldetonate-v3-rules,0.1.0+deterministic-rules-v1.platform-discovery-v2,2026-07-29T14:05:08.353771057+00:00
1,assessment:v1:b3e89c1df1c733a8456f5f98008a7bfe908c18187d5e023b518195e8200b7ab3,run_8494e00208e6a4c580ba5165,sha256:v1:ddfdc36b29b870328ffdcd8c43bead736ffe4358fcf55178a4481263b5d0c4de,malicious,100.0,critical,0,0,31,false,0,partial,skilldetonate-v3-rules,0.1.0+deterministic-rules-v1.platform-discovery-v2,2026-07-31T15:25:50.651210003+00:00
1,assessment:v1:bc6ce5e7e0915e84190842a592681eb15fdd65789cef4c6a1b127711d142e386,run_b25795bf292cd488fee28fbb,sha256:v1:000abaa618268a97fb82c9ca4b8327e5777905c2204d7bf7fde36cc0f7f6c2a9,malicious,100.0,critical,0,0,1,false,0,partial,skilldetonate-v3-rules,0.1.0+deterministic-rules-v1.platform-discovery-v2,2026-07-29T02:16:01.978439309+00:00
1,assessment:v1:bcfa20ead21959c621a44497f7516c0420f58217ead292942e68d8444a5d5ac5,run_393bca7359cb08d068d9a79a,sha256:v1:004a5b50fb08515c026e590fd01735f52f3db90467af4685d649025a3b9eec4c,malicious,100.0,critical,0,0,14,false,0,complete,skilldetonate-v3-rules,0.1.0+deterministic-rules-v1.platform-discovery-v2,2026-07-31T15:26:47.798394883+00:00
1,assessment:v1:bdf48d16fd9c38a4d91f11a7b6df8c811b8a274c9939ee13df56e2e0d6185230,run_afa043e137cf010da031d54b,sha256:v1:01511a4b88ab738fb65456c52a1fd8344312355273a781fbdf3ab73d3f72f6d1,benign,0.0,none,0,0,0,false,0,complete,skilldetonate-v3-rules,0.1.0+deterministic-rules-v1.platform-discovery-v2,2026-07-31T15:26:25.175185746+00:00
1,assessment:v1:be85eb1d28a46b0aa77ee485ec8d6542346f5cbde02b838886092bc485eede65,run_b7e147d2339d51d566bdaccf,sha256:v1:000e1c5f21692db232bc933c73d2ce949355ab566ce1461697f80053e4af5584,malicious,100.0,critical,0,2,12,false,0,partial,skilldetonate-v3-rules,0.1.0+deterministic-rules-v1.platform-discovery-v2,2026-07-31T15:26:25.745706718+00:00
1,assessment:v1:bfd7fbb96ea4ab51cd26910cb8924c3eecd471f2bffece8c54a959aabb78d949,run_8e0d489f543a9736ca87f172,sha256:v1:00063e9657ae27027eebe685e4884a024464aad4d2915468f36c90846e847098,malicious,100.0,critical,0,0,14,false,0,complete,skilldetonate-v3-rules,0.1.0+deterministic-rules-v1.platform-discovery-v2,2026-07-31T15:25:56.349035280+00:00
1,assessment:v1:c8904943b6e8a7ed24473054ea9b33db755d1d7fc8b6500fe8eb1ccab4fee470,run_0f4fe3a0190c310b2ee6b7d1,sha256:v1:005b6d0dce9b33e252b6e08f641cf00986a09c3191d5621875c5e49de81dd0d9,malicious,100.0,critical,0,0,31,false,0,partial,skilldetonate-v3-rules,0.1.0+deterministic-rules-v1.platform-discovery-v2,2026-07-31T15:26:12.842254991+00:00
1,assessment:v1:cbf561059f22c4c19b25910c2fed8a7c952669fe9ae4364e3664701d808d4d47,run_a90218d2a2ae6b777de8c7f8,sha256:v1:023d21912ff367993738c53ee55cba5b9d5bc011ceb27ad0c68e46991dd7515d,benign,0.0,none,0,0,0,false,0,complete,skilldetonate-v3-rules,0.1.0+deterministic-rules-v1.platform-discovery-v2,2026-07-31T15:25:53.102161732+00:00
1,assessment:v1:cd022d6a61abf00415b2f2b739d972a200df9af6d7c4434af0cfbe7e83998673,run_e1fa836956a7adb255ca8b17,sha256:v1:000b75cdaffe052a0dfb1800416eab5d8cd8f77b13cd77907cf9516f0a238bd3,malicious,100.0,critical,0,0,1,false,0,partial,skilldetonate-v3-rules,0.1.0+deterministic-rules-v1.platform-discovery-v2,2026-07-29T14:04:44.494136301+00:00
1,assessment:v1:cd6e8eee7e24f9215cec179ed379f001dfeb6ec8da328ed3a7e610ed1396cf79,run_51043a0337f46bb1c877cc39,sha256:v1:ddfdc36b29b870328ffdcd8c43bead736ffe4358fcf55178a4481263b5d0c4de,malicious,100.0,critical,3,0,0,false,0,complete,skilldetonate-v3-rules,0.1.0+deterministic-rules-v1.platform-discovery-v2,2026-07-14T18:03:07.058905220+00:00
1,assessment:v1:ce8fd59fdf005102ddeced3b4c918819d8dde57ab7e73fd235a9976342fa0dca,run_8b505b3d6f53ea0686ecbef0,sha256:v1:009afee0a0cfab39c4439b71b422ca95923186ec8379e534b17755939506d2f9,benign,0.0,none,0,0,0,false,0,complete,skilldetonate-v3-rules,0.1.0+deterministic-rules-v1.platform-discovery-v2,2026-07-31T15:26:29.723141155+00:00
1,assessment:v1:cee7e271630ef4dea51ef4bf9733853e50e79e6d46d8f410f6a8600b004c32ce,run_e78197e8b9bb7f474b73e47a,sha256:v1:ddfdc36b29b870328ffdcd8c43bead736ffe4358fcf55178a4481263b5d0c4de,malicious,100.0,critical,3,0,1,false,0,complete,skilldetonate-v3-rules,0.1.0+deterministic-rules-v1.platform-discovery-v2,2026-07-14T16:50:24.977121380+00:00
1,assessment:v1:d0b5876591704fdfece12c0a151d4b0af207b4e60d39a72970f5e0b01bb11c26,run_1dccd7eb6692aef9e5090fef,sha256:v1:00de69ef3d8cf55dec774070401ed2a0f1d4b791a63d21bf2127996e293820a6,malicious,100.0,critical,0,0,1,false,0,partial,skilldetonate-v3-rules,0.1.0+deterministic-rules-v1.platform-discovery-v2,2026-07-28T19:33:55.554280530+00:00
1,assessment:v1:d263e4c49077f202dc851431900b48b93a50d604a3cd39eaa1fa45abf34fcb89,run_2e11b18cf859de987b6721d6,sha256:v1:012b64cfe3f371c85bbf44149576f91e17fb171c369524d0ca857b0aa9d34811,benign,0.0,none,0,0,0,false,0,complete,skilldetonate-v3-rules,0.1.0+deterministic-rules-v1.platform-discovery-v2,2026-07-31T15:26:29.530302137+00:00
1,assessment:v1:da52589e392f8bbb39359d5dfad017827d869d7ad7aeecea3feb6d9f00838550,run_0862d1c189d54249bcb9505b,sha256:v1:0011d2f66d1a9d519b17016628469489f08dc4e8f0e41042478d45577de4f16d,benign,0.0,none,0,0,0,false,0,complete,skilldetonate-v3-rules,0.1.0+deterministic-rules-v1.platform-discovery-v2,2026-07-31T15:26:07.806557202+00:00
1,assessment:v1:db3229daf327efe0f92cd35b6bb4e30e041ca64689de49954d8be32e3df8938f,run_3a96ee5fc22d92dc82da128d,sha256:v1:0011d2f66d1a9d519b17016628469489f08dc4e8f0e41042478d45577de4f16d,malicious,100.0,critical,0,0,1,false,0,partial,skilldetonate-v3-rules,0.1.0+deterministic-rules-v1.platform-discovery-v2,2026-07-28T19:34:19.453997332+00:00
1,assessment:v1:df0f2d4b9ea00e1ad10fb266841e308ac71fb0e1181bcaa965337badb5d7ce83,run_5d0e0a04b63bae569efc4b24,sha256:v1:00063e9657ae27027eebe685e4884a024464aad4d2915468f36c90846e847098,malicious,100.0,critical,0,0,1,false,0,partial,skilldetonate-v3-rules,0.1.0+deterministic-rules-v1.platform-discovery-v2,2026-07-30T02:05:13.953799098+00:00
1,assessment:v1:dfa4980847eb1105e4aed4ec5e7e18d9bdf105d090ab68c972684a288d395892,run_78ec392fcd4dc4d9960eb313,sha256:v1:006d77a6d59eea94f2b79d74b3e78a4fe7676217211ed16cb07068f14dffeccb,malicious,100.0,critical,0,0,1,false,0,partial,skilldetonate-v3-rules,0.1.0+deterministic-rules-v1.platform-discovery-v2,2026-07-28T19:43:06.685951898+00:00
1,assessment:v1:e047095cc8158df16f023cef233b62f9392718c8a020632ea025eeb34f686e9c,run_ba7d5b1f926f4f4536954a90,sha256:v1:000b75cdaffe052a0dfb1800416eab5d8cd8f77b13cd77907cf9516f0a238bd3,malicious,100.0,critical,0,0,1,false,0,partial,skilldetonate-v3-rules,0.1.0+deterministic-rules-v1.platform-discovery-v2,2026-07-30T13:54:11.607661638+00:00
1,assessment:v1:e17f17716273ea2d343f63a2fcb4a2cda4f5ca57f2e8c9b5672187d2abdde1c6,run_6bfac9fe772400892ef94486,sha256:v1:01e89b830653baabf0629c0ec5afa08c99294f440b440fc0cf62e25b4321b0d8,benign,0.0,none,0,0,0,false,0,complete,skilldetonate-v3-rules,0.1.0+deterministic-rules-v1.platform-discovery-v2,2026-07-31T15:27:00.686055168+00:00
1,assessment:v1:e214dd9d3cf0765d596207df3709addcc975561ad0e0bd87998f7107bcc06fab,run_9ac650cebf332b33568bba77,sha256:v1:ddfdc36b29b870328ffdcd8c43bead736ffe4358fcf55178a4481263b5d0c4de,malicious,100.0,critical,3,0,0,false,0,complete,skilldetonate-v3-rules,0.1.0+deterministic-rules-v1.platform-discovery-v2,2026-07-14T17:29:49.938562127+00:00
1,assessment:v1:e2f27a63e46659b247e51d0937b5a0f123dac322482b4548c6a1b7250e5cdd4b,run_f8233a17a3124aa075c22c4f,sha256:v1:0016b645696849e9bd5a921bc49f09802414d1f2756c237f06fc21ffa2c42607,malicious,100.0,critical,0,0,1,false,0,partial,skilldetonate-v3-rules,0.1.0+deterministic-rules-v1.platform-discovery-v2,2026-07-30T13:54:00.587160333+00:00
1,assessment:v1:e4da5a55ff251fe4be72f03ee8f3921e63c6eeb2cf7334ebf996b2749a122e71,run_4dfe35c97dae87f83f7d97e2,sha256:v1:002adb2544e65d66a5c8335da1ef57e8bb31ac399cf722625bf165b6d7351d52,malicious,100.0,critical,0,1,12,false,0,partial,skilldetonate-v3-rules,0.1.0+deterministic-rules-v1.platform-discovery-v2,2026-07-31T15:25:57.553198913+00:00
1,assessment:v1:e5203b772e1c5b234216752014ceb8441b4c19b5b652fbc41f707d21b4601826,run_5a76ddd02bc362df11e4d83b,sha256:v1:00d2b3ea6989de049bb450045f140b125cf7e7f4b89ea9bc8602c2b5b3d3870e,malicious,100.0,critical,0,0,1,false,0,partial,skilldetonate-v3-rules,0.1.0+deterministic-rules-v1.platform-discovery-v2,2026-07-28T19:43:22.180992579+00:00
1,assessment:v1:e5a6ee65c0c6e41080dea4b17f98747861e43d8a9cb80e6cee494f8129acfa6f,run_961e7f0d8181beac92ddb9fc,sha256:v1:ddfdc36b29b870328ffdcd8c43bead736ffe4358fcf55178a4481263b5d0c4de,malicious,100.0,critical,5,0,1,false,0,complete,skilldetonate-v3-rules,0.1.0+deterministic-rules-v1.platform-discovery-v2,2026-07-14T18:01:35.608493636+00:00
1,assessment:v1:e70a5571fc6e0993bc2403116f1f2394a18e69b006578d9348ada6b2e5e95f4b,run_52188f35ee215c2354dda4d3,sha256:v1:0191cc6c405c99d4927fb49632bda193abf3aadd80f1c8385ff4fe82c5f815a6,malicious,100.0,critical,0,0,1,false,0,partial,skilldetonate-v3-rules,0.1.0+deterministic-rules-v1.platform-discovery-v2,2026-07-28T19:47:51.379540375+00:00
1,assessment:v1:e753a7d5e34cc6aa2adea1822cd573db54b73385f20619736919d3d0e83b84e4,run_214cd7b1d37c0c76d5a3530d,sha256:v1:00f49edb0bcda80d737964668f157ceba160e7b5279890e8e90045d8f9469263,malicious,100.0,critical,0,1,12,false,0,partial,skilldetonate-v3-rules,0.1.0+deterministic-rules-v1.platform-discovery-v2,2026-07-31T15:26:29.490619818+00:00
1,assessment:v1:e7c42ed0e1662ac1af7eb3103c8bfd2b2af25bc3b31284789f511ea972233e77,run_67638929bad0d949aadfd143,sha256:v1:000b75cdaffe052a0dfb1800416eab5d8cd8f77b13cd77907cf9516f0a238bd3,malicious,100.0,critical,0,0,41,false,0,complete,skilldetonate-v3-rules,0.1.0+deterministic-rules-v1.platform-discovery-v2,2026-07-31T15:26:14.973156570+00:00
1,assessment:v1:e9ea26c24c26196549c9dd3cc1d1dafef752cd7681a072c2607b991b5273061f,run_937fbf7ab469ef84e34cb4d2,sha256:v1:037f57f6a06257ed6e4031acf93a4e4a8daf33518c89b187f6a0d4e3d7b5d989,benign,0.0,none,0,0,0,false,0,complete,skilldetonate-v3-rules,0.1.0+deterministic-rules-v1.platform-discovery-v2,2026-07-31T15:26:02.388116063+00:00
1,assessment:v1:eae635e3ee1dc9adade22917468ee41271dd4330442c9a689bfeec15c2edafda,run_7ec3adaf3ca2561e525312fe,sha256:v1:0016b645696849e9bd5a921bc49f09802414d1f2756c237f06fc21ffa2c42607,malicious,100.0,critical,0,0,6,false,0,complete,skilldetonate-v3-rules,0.1.0+deterministic-rules-v1.platform-discovery-v2,2026-07-31T14:52:15.641647094+00:00
1,assessment:v1:eb61d56f2a3cd44bdbfd2c9f5379d52f26d67ef22f54d1a711d0e474986631a5,run_62eca544fcc9067cda7b7a37,sha256:v1:000abaa618268a97fb82c9ca4b8327e5777905c2204d7bf7fde36cc0f7f6c2a9,malicious,100.0,critical,0,0,64,false,0,complete,skilldetonate-v3-rules,0.1.0+deterministic-rules-v1.platform-discovery-v2,2026-07-31T13:59:46.037064297+00:00
1,assessment:v1:f01024d332292ea25a83fef3c1e26b77c158fa38e85a9e14701a2026bb114d32,run_e16639c58e151d4400255ce2,sha256:v1:000b75cdaffe052a0dfb1800416eab5d8cd8f77b13cd77907cf9516f0a238bd3,malicious,100.0,critical,0,0,41,false,0,complete,skilldetonate-v3-rules,0.1.0+deterministic-rules-v1.platform-discovery-v2,2026-07-31T09:33:55.227585712+00:00
1,assessment:v1:f2fdc84c635bbc1f23fbc46adf20460bc799faa831816a9d38a1008e08e46fb7,run_216bd57109e41d50240edb3e,sha256:v1:ddfdc36b29b870328ffdcd8c43bead736ffe4358fcf55178a4481263b5d0c4de,unknown,0.0,none,0,0,0,false,0,partial,skilldetonate-v3-rules,0.1.0+deterministic-rules-v1.platform-discovery-v2,2026-07-14T20:34:34.164591042+00:00
1,assessment:v1:f3b6c7f392980ad8b6de47b9d701ccb85b0ebf9409e361eeac390e7fde6b7c68,run_81a8c39230625f0ba0f146ee,sha256:v1:000abaa618268a97fb82c9ca4b8327e5777905c2204d7bf7fde36cc0f7f6c2a9,malicious,100.0,critical,0,0,1,false,0,partial,skilldetonate-v3-rules,0.1.0+deterministic-rules-v1.platform-discovery-v2,2026-07-30T13:54:03.984844995+00:00
1,assessment:v1:f5e1555b0326c6e4244af24a152ac063fd55805c73d568248d3877bcff94b569,run_c47583ac80d1945306ab24b4,sha256:v1:00063e9657ae27027eebe685e4884a024464aad4d2915468f36c90846e847098,malicious,100.0,critical,0,0,1,false,0,partial,skilldetonate-v3-rules,0.1.0+deterministic-rules-v1.platform-discovery-v2,2026-07-30T13:54:04.388247290+00:00
1,assessment:v1:f75c0fd3d572d3bd4441c8413edac33076e18514bb03e47ba1b2db81e503313d,run_576b3932b88bb7c2bcc712ad,sha256:v1:000abaa618268a97fb82c9ca4b8327e5777905c2204d7bf7fde36cc0f7f6c2a9,malicious,100.0,critical,0,0,1,false,0,partial,skilldetonate-v3-rules,0.1.0+deterministic-rules-v1.platform-discovery-v2,2026-07-28T19:38:50.016042337+00:00
1,assessment:v1:f9897e495740d75ce6d28fe64a6cf0e4fc186d23052e2ea3d608b0ec68d73200,run_0fbaf2e2f54773bf8a68523f,sha256:v1:ddfdc36b29b870328ffdcd8c43bead736ffe4358fcf55178a4481263b5d0c4de,malicious,100.0,critical,4,1,1,false,0,partial,skilldetonate-v3-rules,0.1.0+deterministic-rules-v1.platform-discovery-v2,2026-07-14T16:39:25.269434167+00:00
1,assessment:v1:f9accadcb84f700fbc7d9480faf96154d973d3fd203e49c769b8e452538ee7f6,run_9125d6c238131f78b7c58bd2,sha256:v1:ddfdc36b29b870328ffdcd8c43bead736ffe4358fcf55178a4481263b5d0c4de,malicious,100.0,critical,0,0,1,false,0,partial,skilldetonate-v3-rules,0.1.0+deterministic-rules-v1.platform-discovery-v2,2026-07-14T20:17:38.430263878+00:00
1,assessment:v1:faf5fb54beab7a96ac1a97bfffb37761fbe06771c790e0ede8dacc7b932f4240,run_d1d9dbfb46464b1ba7df31a5,sha256:v1:0050b2023af68bc300d1af6b2fc72acdd8852c521d646c1fd6da3126d8db90e3,benign,0.0,none,0,0,0,false,0,complete,skilldetonate-v3-rules,0.1.0+deterministic-rules-v1.platform-discovery-v2,2026-07-31T15:26:02.187016291+00:00
1,assessment:v1:fca6d17ab7f3e85b5d236cf5e69ed2fb038fcb7f60a289070dbc4a08a31a8bdf,run_8f4db500830eb7e3cb37d254,sha256:v1:01568932725d8ce1c6834efbe6e156c56bcdfa99d5ffffa81b01b2e83548f370,benign,0.0,none,0,0,0,false,0,complete,skilldetonate-v3-rules,0.1.0+deterministic-rules-v1.platform-discovery-v2,2026-07-31T15:26:34.323205663+00:00
1,assessment:v1:fdcbbff669eb0885d29c5fc9c72fa38f5103ae7c892f6add18ba3e95103ecc78,run_414245a2e3efb34737b4034d,sha256:v1:006d77a6d59eea94f2b79d74b3e78a4fe7676217211ed16cb07068f14dffeccb,benign,0.0,none,0,0,0,false,0,complete,skilldetonate-v3-rules,0.1.0+deterministic-rules-v1.platform-discovery-v2,2026-07-31T15:26:16.768387848+00:00
1,assessment:v1:fe07f5a0233081d0e99a9f79f35d0044fadbaa0a72f234417323de0ace2649db,run_b74681f63891cd430a4c7573,sha256:v1:009114980d16fcd124940d1021d383d0d6ebca7fb42f54cf32a022ef5933aa59,malicious,100.0,critical,0,0,49,false,0,partial,skilldetonate-v3-rules,0.1.0+deterministic-rules-v1.platform-discovery-v2,2026-07-31T15:26:31.843974342+00:00
1,assessment:v1:febb2e8d0f86bf9fe6ed5421f8ceb59047ccf9b52ed1ff3aa0f37f32af132f89,run_4d85975e2d6eb0c81b7d4ac8,sha256:v1:0078fe721e8013557afe79bf8875aa6baf3cbe6bee330b15d5fb48334f4d4e5c,malicious,100.0,critical,0,0,1,false,0,partial,skilldetonate-v3-rules,0.1.0+deterministic-rules-v1.platform-discovery-v2,2026-07-28T19:38:33.381230105+00:00
